the_geom,the_geom_webmercator,collection_date,count,test_result,etl_timestamp
,,2020-06-17,150,positive,2022-03-08 16:00:02
,,2022-02-26,44,positive,2022-03-08 16:00:02
,,2021-10-26,7994,negative,2022-03-08 16:00:02
,,2021-06-16,3305,negative,2022-03-08 16:00:02
,,2021-02-11,331,positive,2022-03-08 16:00:02
,,2021-01-18,7254,negative,2022-03-08 16:00:02
,,2021-06-08,40,positive,2022-03-08 16:00:02
,,2021-01-03,379,positive,2022-03-08 16:00:02
,,2021-05-22,3058,negative,2022-03-08 16:00:02
,,2022-01-04,5603,positive,2022-03-08 16:00:02
,,2020-08-09,75,positive,2022-03-08 16:00:02
,,2021-09-13,10822,negative,2022-03-08 16:00:02
,,2020-03-19,158,negative,2022-03-08 16:00:02
,,2021-08-20,280,positive,2022-03-08 16:00:02
,,2021-12-27,5000,negative,2022-03-08 16:00:02
,,2020-04-12,206,positive,2022-03-08 16:00:02
,,2020-08-17,3076,negative,2022-03-08 16:00:02
,,2020-12-27,3879,negative,2022-03-08 16:00:02
,,2021-04-27,487,positive,2022-03-08 16:00:02
,,2022-01-27,501,positive,2022-03-08 16:00:02
,,2020-07-17,174,positive,2022-03-08 16:00:02
,,2021-09-22,12196,negative,2022-03-08 16:00:02
,,2020-03-10,20,negative,2022-03-08 16:00:02
,,2021-12-02,577,positive,2022-03-08 16:00:02
,,2020-05-21,2274,negative,2022-03-08 16:00:02
,,2020-09-11,133,positive,2022-03-08 16:00:02
,,2021-07-12,3613,negative,2022-03-08 16:00:02
,,2020-09-29,4393,negative,2022-03-08 16:00:02
,,2021-11-14,2271,negative,2022-03-08 16:00:02
,,2021-06-28,24,positive,2022-03-08 16:00:02
,,2020-06-04,119,positive,2022-03-08 16:00:02
,,2021-06-24,3286,negative,2022-03-08 16:00:02
,,2021-02-03,473,positive,2022-03-08 16:00:02
,,2021-10-05,389,positive,2022-03-08 16:00:02
,,2020-06-28,2076,negative,2022-03-08 16:00:02
,,2022-02-15,7975,negative,2022-03-08 16:00:02
,,2021-07-23,3268,negative,2022-03-08 16:00:02
,,2021-11-21,184,positive,2022-03-08 16:00:02
,,2020-05-10,897,negative,2022-03-08 16:00:02
,,2020-09-22,109,positive,2022-03-08 16:00:02
,,2021-03-28,390,positive,2022-03-08 16:00:02
,,2020-11-23,7633,negative,2022-03-08 16:00:02
,,2020-07-27,158,positive,2022-03-08 16:00:02
,,2020-04-01,993,negative,2022-03-08 16:00:02
,,2022-01-17,1315,positive,2022-03-08 16:00:02
,,2021-08-31,7988,negative,2022-03-08 16:00:02
,,2020-12-12,6120,negative,2022-03-08 16:00:02
,,2021-04-10,489,positive,2022-03-08 16:00:02
,,2020-05-04,466,positive,2022-03-08 16:00:02
,,2021-12-17,10931,negative,2022-03-08 16:00:02
,,2020-08-27,3531,negative,2022-03-08 16:00:02
,,2021-07-29,226,positive,2022-03-08 16:00:02
,,2021-03-17,7129,negative,2022-03-08 16:00:02
,,2020-11-02,546,positive,2022-03-08 16:00:02
,,2021-03-10,4889,negative,2022-03-08 16:00:02
,,2020-11-09,1025,positive,2022-03-08 16:00:02
,,2020-05-22,243,positive,2022-03-08 16:00:02
,,2021-11-01,10726,negative,2022-03-08 16:00:02
,,2021-07-11,55,positive,2022-03-08 16:00:02
,,2020-10-12,4434,negative,2022-03-08 16:00:02
,,2020-10-26,5150,negative,2022-03-08 16:00:02
,,2021-02-20,228,positive,2022-03-08 16:00:02
,,2020-07-05,67,positive,2022-03-08 16:00:02
,,2021-10-12,11051,negative,2022-03-08 16:00:02
,,2022-02-08,261,positive,2022-03-08 16:00:02
,,2021-03-31,631,positive,2022-03-08 16:00:02
,,2020-11-20,10096,negative,2022-03-08 16:00:02
,,2020-04-14,757,negative,2022-03-08 16:00:02
,,2020-08-15,88,positive,2022-03-08 16:00:02
,,2021-12-29,5653,positive,2022-03-08 16:00:02
,,2021-08-18,3992,negative,2022-03-08 16:00:02
,,2020-08-05,5059,negative,2022-03-08 16:00:02
,,2022-01-08,4680,negative,2022-03-08 16:00:02
,,2020-03-23,168,positive,2022-03-08 16:00:02
,,2021-09-09,362,positive,2022-03-08 16:00:02
,,2021-05-08,5191,negative,2022-03-08 16:00:02
,,2020-12-16,699,positive,2022-03-08 16:00:02
,,2020-09-07,2060,negative,2022-03-08 16:00:02
,,2020-04-23,453,positive,2022-03-08 16:00:02
,,2021-12-06,11495,negative,2022-03-08 16:00:02
,,2021-08-09,318,positive,2022-03-08 16:00:02
,,2021-07-27,3774,negative,2022-03-08 16:00:02
,,2020-05-06,1908,negative,2022-03-08 16:00:02
,,2021-11-17,362,positive,2022-03-08 16:00:02
,,2020-09-26,77,positive,2022-03-08 16:00:02
,,2022-03-02,82,positive,2022-03-08 16:00:02
,,2020-06-13,75,positive,2022-03-08 16:00:02
,,2021-10-22,10125,negative,2022-03-08 16:00:02
,,2021-06-15,30,positive,2022-03-08 16:00:02
,,2021-02-12,7063,negative,2022-03-08 16:00:02
,,2021-07-02,31,positive,2022-03-08 16:00:02
,,2020-05-31,61,positive,2022-03-08 16:00:02
,,2021-11-10,10742,negative,2022-03-08 16:00:02
,,2020-10-03,3653,negative,2022-03-08 16:00:02
,,2022-02-19,66,positive,2022-03-08 16:00:02
,,2021-10-01,9145,negative,2022-03-08 16:00:02
,,2020-06-24,151,positive,2022-03-08 16:00:02
,,2021-05-11,11974,negative,2022-03-08 16:00:02
,,2021-01-14,582,positive,2022-03-08 16:00:02
,,2020-12-31,7378,negative,2022-03-08 16:00:02
,,2021-04-23,488,positive,2022-03-08 16:00:02
,,2021-04-30,10164,negative,2022-03-08 16:00:02
,,2020-12-24,552,positive,2022-03-08 16:00:02
,,2022-01-08,1836,positive,2022-03-08 16:00:02
,,2020-03-23,477,negative,2022-03-08 16:00:02
,,2021-09-09,10033,negative,2022-03-08 16:00:02
,,2020-08-05,198,positive,2022-03-08 16:00:02
,,2021-05-18,6880,negative,2022-03-08 16:00:02
,,2021-01-07,688,positive,2022-03-08 16:00:02
,,2020-10-29,6446,negative,2022-03-08 16:00:02
,,2021-03-21,319,positive,2022-03-08 16:00:02
,,2021-02-15,328,positive,2022-03-08 16:00:02
,,2021-06-12,2133,negative,2022-03-08 16:00:02
,,2020-06-08,1840,negative,2022-03-08 16:00:02
,,2021-10-17,147,positive,2022-03-08 16:00:02
,,2022-03-07,3618,negative,2022-03-08 16:00:02
,,2021-07-20,99,positive,2022-03-08 16:00:02
,,2020-05-13,288,positive,2022-03-08 16:00:02
,,2021-11-24,7608,negative,2022-03-08 16:00:02
,,2020-09-19,3764,negative,2022-03-08 16:00:02
,,2021-03-10,312,positive,2022-03-08 16:00:02
,,2020-11-09,5217,negative,2022-03-08 16:00:02
,,2022-01-29,117,positive,2022-03-08 16:00:02
,,2020-07-15,177,positive,2022-03-08 16:00:02
,,2020-03-12,72,negative,2022-03-08 16:00:02
,,2021-09-20,10865,negative,2022-03-08 16:00:02
,,2020-12-18,8275,negative,2022-03-08 16:00:02
,,2021-05-06,274,positive,2022-03-08 16:00:02
,,2022-01-01,1978,negative,2022-03-08 16:00:02
,,2020-04-17,471,positive,2022-03-08 16:00:02
,,2020-08-12,4619,negative,2022-03-08 16:00:02
,,2021-08-15,212,positive,2022-03-08 16:00:02
,,2021-04-05,9947,negative,2022-03-08 16:00:02
,,2020-11-15,516,positive,2022-03-08 16:00:02
,,2021-10-11,279,positive,2022-03-08 16:00:02
,,2020-07-04,1501,negative,2022-03-08 16:00:02
,,2022-02-09,7762,negative,2022-03-08 16:00:02
,,2020-09-22,4019,negative,2022-03-08 16:00:02
,,2021-07-23,131,positive,2022-03-08 16:00:02
,,2021-11-21,2795,negative,2022-03-08 16:00:02
,,2020-05-10,78,positive,2022-03-08 16:00:02
,,2020-10-19,4414,negative,2022-03-08 16:00:02
,,2021-02-27,183,positive,2022-03-08 16:00:02
,,2020-10-10,136,positive,2022-03-08 16:00:02
,,2021-11-03,244,positive,2022-03-08 16:00:02
,,2020-05-24,1549,negative,2022-03-08 16:00:02
,,2021-07-09,2929,negative,2022-03-08 16:00:02
,,2020-11-01,4915,negative,2022-03-08 16:00:02
,,2021-03-18,477,positive,2022-03-08 16:00:02
,,2020-09-01,161,positive,2022-03-08 16:00:02
,,2021-12-12,316,positive,2022-03-08 16:00:02
,,2020-04-29,1660,negative,2022-03-08 16:00:02
,,2021-08-03,4198,negative,2022-03-08 16:00:02
,,2020-12-11,941,positive,2022-03-08 16:00:02
,,2021-04-11,3753,negative,2022-03-08 16:00:02
,,2021-04-27,11458,negative,2022-03-08 16:00:02
,,2020-12-27,308,positive,2022-03-08 16:00:02
,,2021-08-28,286,positive,2022-03-08 16:00:02
,,2021-12-19,3661,negative,2022-03-08 16:00:02
,,2020-08-25,3524,negative,2022-03-08 16:00:02
,,2020-04-04,307,positive,2022-03-08 16:00:02
,,2021-03-25,9523,negative,2022-03-08 16:00:02
,,2020-11-26,296,positive,2022-03-08 16:00:02
,,2022-02-18,101,positive,2022-03-08 16:00:02
,,2020-06-25,152,positive,2022-03-08 16:00:02
,,2021-10-02,3120,negative,2022-03-08 16:00:02
,,2021-06-19,23,positive,2022-03-08 16:00:02
,,2021-02-08,7754,negative,2022-03-08 16:00:02
,,2021-07-01,2921,negative,2022-03-08 16:00:02
,,2020-10-02,150,positive,2022-03-08 16:00:02
,,2020-06-01,1586,negative,2022-03-08 16:00:02
,,2021-11-11,278,positive,2022-03-08 16:00:02
,,2020-10-19,278,positive,2022-03-08 16:00:02
,,2021-02-27,5511,negative,2022-03-08 16:00:02
,,2021-05-25,9624,negative,2022-03-08 16:00:02
,,2021-02-01,138,positive,2022-03-08 16:00:02
,,2020-07-22,3975,negative,2022-03-08 16:00:02
,,2022-01-22,3941,negative,2022-03-08 16:00:02
,,2021-09-27,291,positive,2022-03-08 16:00:02
,,2020-08-10,160,positive,2022-03-08 16:00:02
,,2021-08-13,3796,negative,2022-03-08 16:00:02
,,2020-04-19,586,negative,2022-03-08 16:00:02
,,2022-01-03,5367,positive,2022-03-08 16:00:02
,,2022-01-11,10297,negative,2022-03-08 16:00:02
,,2020-08-02,2859,negative,2022-03-08 16:00:02
,,2020-03-26,318,positive,2022-03-08 16:00:02
,,2021-09-06,159,positive,2022-03-08 16:00:02
,,2021-01-06,7725,negative,2022-03-08 16:00:02
,,2021-05-19,140,positive,2022-03-08 16:00:02
,,2022-01-29,1231,negative,2022-03-08 16:00:02
,,2020-07-15,3298,negative,2022-03-08 16:00:02
,,2021-09-20,397,positive,2022-03-08 16:00:02
,,2021-10-15,9065,negative,2022-03-08 16:00:02
,,2022-02-05,162,positive,2022-03-08 16:00:02
,,2020-07-08,173,positive,2022-03-08 16:00:02
,,2021-10-29,194,positive,2022-03-08 16:00:02
,,2022-02-23,8154,negative,2022-03-08 16:00:02
,,2020-06-20,2431,negative,2022-03-08 16:00:02
,,2021-06-10,40,positive,2022-03-08 16:00:02
,,2021-02-17,8284,negative,2022-03-08 16:00:02
,,2020-11-06,852,positive,2022-03-08 16:00:02
,,2021-03-13,3870,negative,2022-03-08 16:00:02
,,2020-06-27,81,positive,2022-03-08 16:00:02
,,2021-10-04,10440,negative,2022-03-08 16:00:02
,,2022-02-16,97,positive,2022-03-08 16:00:02
,,2021-05-18,158,positive,2022-03-08 16:00:02
,,2021-01-07,8038,negative,2022-03-08 16:00:02
,,2020-12-15,7318,negative,2022-03-08 16:00:02
,,2021-04-07,661,positive,2022-03-08 16:00:02
,,2020-12-02,1353,positive,2022-03-08 16:00:02
,,2021-04-20,10002,negative,2022-03-08 16:00:02
,,2021-09-28,306,positive,2022-03-08 16:00:02
,,2020-07-23,4283,negative,2022-03-08 16:00:02
,,2022-01-21,9848,negative,2022-03-08 16:00:02
,,2021-01-28,505,positive,2022-03-08 16:00:02
,,2021-05-29,2471,negative,2022-03-08 16:00:02
,,2020-11-03,6163,negative,2022-03-08 16:00:02
,,2021-03-16,510,positive,2022-03-08 16:00:02
,,2021-07-02,2367,negative,2022-03-08 16:00:02
,,2020-10-03,108,positive,2022-03-08 16:00:02
,,2021-11-10,334,positive,2022-03-08 16:00:02
,,2020-05-31,1525,negative,2022-03-08 16:00:02
,,2021-02-04,9962,negative,2022-03-08 16:00:02
,,2021-06-23,23,positive,2022-03-08 16:00:02
,,2020-09-14,103,positive,2022-03-08 16:00:02
,,2020-05-18,1171,negative,2022-03-08 16:00:02
,,2021-07-15,3378,negative,2022-03-08 16:00:02
,,2021-11-29,626,positive,2022-03-08 16:00:02
,,2020-11-29,551,positive,2022-03-08 16:00:02
,,2021-03-22,8593,negative,2022-03-08 16:00:02
,,2020-04-08,550,positive,2022-03-08 16:00:02
,,2020-08-21,3639,negative,2022-03-08 16:00:02
,,2021-12-23,10502,negative,2022-03-08 16:00:02
,,2021-08-24,407,positive,2022-03-08 16:00:02
,,2020-04-15,538,positive,2022-03-08 16:00:02
,,2021-12-30,6644,negative,2022-03-08 16:00:02
,,2021-08-17,358,positive,2022-03-08 16:00:02
,,2020-08-14,4016,negative,2022-03-08 16:00:02
,,2020-12-15,1012,positive,2022-03-08 16:00:02
,,2021-04-07,10461,negative,2022-03-08 16:00:02
,,2021-07-30,3843,negative,2022-03-08 16:00:02
,,2020-08-28,169,positive,2022-03-08 16:00:02
,,2020-05-03,916,negative,2022-03-08 16:00:02
,,2021-12-16,1036,positive,2022-03-08 16:00:02
,,2021-01-19,9164,negative,2022-03-08 16:00:02
,,2021-06-07,42,positive,2022-03-08 16:00:02
,,2020-05-28,2103,negative,2022-03-08 16:00:02
,,2021-11-07,108,positive,2022-03-08 16:00:02
,,2020-10-06,212,positive,2022-03-08 16:00:02
,,2021-07-05,1638,negative,2022-03-08 16:00:02
,,2020-10-18,3956,negative,2022-03-08 16:00:02
,,2021-02-28,174,positive,2022-03-08 16:00:02
,,2021-06-14,4772,negative,2022-03-08 16:00:02
,,2021-02-13,183,positive,2022-03-08 16:00:02
,,2021-10-15,268,positive,2022-03-08 16:00:02
,,2022-02-05,2065,negative,2022-03-08 16:00:02
,,2020-07-08,3637,negative,2022-03-08 16:00:02
,,2020-11-16,1181,positive,2022-03-08 16:00:02
,,2021-04-04,2620,negative,2022-03-08 16:00:02
,,2020-11-30,5817,negative,2022-03-08 16:00:02
,,2021-04-22,531,positive,2022-03-08 16:00:02
,,2020-12-22,7635,negative,2022-03-08 16:00:02
,,2021-05-02,215,positive,2022-03-08 16:00:02
,,2021-09-19,3137,negative,2022-03-08 16:00:02
,,2022-01-30,211,positive,2022-03-08 16:00:02
,,2020-03-13,121,negative,2022-03-08 16:00:02
,,2020-07-14,196,positive,2022-03-08 16:00:02
,,2021-03-28,2736,negative,2022-03-08 16:00:02
,,2020-11-23,1295,positive,2022-03-08 16:00:02
,,2021-05-25,116,positive,2022-03-08 16:00:02
,,2021-02-01,2686,negative,2022-03-08 16:00:02
,,2020-06-09,2320,negative,2022-03-08 16:00:02
,,2021-10-18,269,positive,2022-03-08 16:00:02
,,2022-03-06,1280,negative,2022-03-08 16:00:02
,,2020-06-22,130,positive,2022-03-08 16:00:02
,,2022-02-21,106,positive,2022-03-08 16:00:02
,,2021-10-31,2089,negative,2022-03-08 16:00:02
,,2022-02-13,1433,negative,2022-03-08 16:00:02
,,2020-06-30,2713,negative,2022-03-08 16:00:02
,,2021-10-07,326,positive,2022-03-08 16:00:02
,,2021-01-21,9551,negative,2022-03-08 16:00:02
,,2021-06-05,42,positive,2022-03-08 16:00:02
,,2022-01-27,6876,negative,2022-03-08 16:00:02
,,2021-09-22,345,positive,2022-03-08 16:00:02
,,2020-07-17,3721,negative,2022-03-08 16:00:02
,,2021-12-19,543,positive,2022-03-08 16:00:02
,,2021-08-28,3195,negative,2022-03-08 16:00:02
,,2020-08-25,121,positive,2022-03-08 16:00:02
,,2020-04-04,961,negative,2022-03-08 16:00:02
,,2021-09-11,240,positive,2022-03-08 16:00:02
,,2020-08-07,3262,negative,2022-03-08 16:00:02
,,2020-03-21,94,positive,2022-03-08 16:00:02
,,2022-01-06,8318,negative,2022-03-08 16:00:02
,,2021-05-10,10691,negative,2022-03-08 16:00:02
,,2021-01-15,552,positive,2022-03-08 16:00:02
,,2020-11-04,652,positive,2022-03-08 16:00:02
,,2021-03-15,7825,negative,2022-03-08 16:00:02
,,2020-05-16,1366,negative,2022-03-08 16:00:02
,,2021-07-17,2024,negative,2022-03-08 16:00:02
,,2021-11-27,269,positive,2022-03-08 16:00:02
,,2020-09-16,97,positive,2022-03-08 16:00:02
,,2021-02-11,8489,negative,2022-03-08 16:00:02
,,2021-06-16,26,positive,2022-03-08 16:00:02
,,2022-03-06,30,positive,2022-03-08 16:00:02
,,2021-10-18,7458,negative,2022-03-08 16:00:02
,,2020-06-09,144,positive,2022-03-08 16:00:02
,,2020-11-11,1127,positive,2022-03-08 16:00:02
,,2021-03-08,7781,negative,2022-03-08 16:00:02
,,2020-09-10,3815,negative,2022-03-08 16:00:02
,,2021-08-12,358,positive,2022-03-08 16:00:02
,,2020-04-20,626,positive,2022-03-08 16:00:02
,,2021-12-03,9765,negative,2022-03-08 16:00:02
,,2020-12-20,366,positive,2022-03-08 16:00:02
,,2021-05-04,10499,negative,2022-03-08 16:00:02
,,2020-12-04,1152,positive,2022-03-08 16:00:02
,,2021-04-18,3284,negative,2022-03-08 16:00:02
,,2021-08-19,4815,negative,2022-03-08 16:00:02
,,2021-12-28,4828,positive,2022-03-08 16:00:02
,,2020-08-16,47,positive,2022-03-08 16:00:02
,,2020-04-13,521,negative,2022-03-08 16:00:02
,,2020-11-16,6573,negative,2022-03-08 16:00:02
,,2021-04-04,362,positive,2022-03-08 16:00:02
,,2020-05-08,1610,negative,2022-03-08 16:00:02
,,2021-11-19,304,positive,2022-03-08 16:00:02
,,2020-09-24,120,positive,2022-03-08 16:00:02
,,2021-07-25,1905,negative,2022-03-08 16:00:02
,,2020-10-22,6051,negative,2022-03-08 16:00:02
,,2021-02-24,321,positive,2022-03-08 16:00:02
,,2021-11-05,9301,negative,2022-03-08 16:00:02
,,2021-07-07,42,positive,2022-03-08 16:00:02
,,2020-05-26,245,positive,2022-03-08 16:00:02
,,2020-10-08,5611,negative,2022-03-08 16:00:02
,,2021-10-27,236,positive,2022-03-08 16:00:02
,,2022-02-25,5840,negative,2022-03-08 16:00:02
,,2020-06-18,2276,negative,2022-03-08 16:00:02
,,2020-10-29,448,positive,2022-03-08 16:00:02
,,2021-03-21,2722,negative,2022-03-08 16:00:02
,,2021-07-30,205,positive,2022-03-08 16:00:02
,,2021-12-16,11578,negative,2022-03-08 16:00:02
,,2020-05-03,138,positive,2022-03-08 16:00:02
,,2020-08-28,4520,negative,2022-03-08 16:00:02
,,2021-04-25,337,positive,2022-03-08 16:00:02
,,2020-12-29,6244,negative,2022-03-08 16:00:02
,,2021-09-04,2770,negative,2022-03-08 16:00:02
,,2022-01-13,2249,positive,2022-03-08 16:00:02
,,2020-03-28,490,negative,2022-03-08 16:00:02
,,2020-07-31,139,positive,2022-03-08 16:00:02
,,2021-03-27,381,positive,2022-03-08 16:00:02
,,2020-11-24,8638,negative,2022-03-08 16:00:02
,,2021-12-09,11943,negative,2022-03-08 16:00:02
,,2020-09-04,3962,negative,2022-03-08 16:00:02
,,2021-08-06,290,positive,2022-03-08 16:00:02
,,2020-04-26,211,positive,2022-03-08 16:00:02
,,2020-06-24,2567,negative,2022-03-08 16:00:02
,,2021-10-01,293,positive,2022-03-08 16:00:02
,,2022-02-19,1943,negative,2022-03-08 16:00:02
,,2021-02-04,480,positive,2022-03-08 16:00:02
,,2021-06-23,3766,negative,2022-03-08 16:00:02
,,2021-03-05,332,positive,2022-03-08 16:00:02
,,2020-10-13,5239,negative,2022-03-08 16:00:02
,,2021-06-02,4974,negative,2022-03-08 16:00:02
,,2021-01-24,280,positive,2022-03-08 16:00:02
,,2020-07-20,153,positive,2022-03-08 16:00:02
,,2020-03-07,6,negative,2022-03-08 16:00:02
,,2022-01-24,968,positive,2022-03-08 16:00:02
,,2021-09-25,4257,negative,2022-03-08 16:00:02
,,2021-05-16,2206,negative,2022-03-08 16:00:02
,,2021-01-09,401,positive,2022-03-08 16:00:02
,,2021-05-08,170,positive,2022-03-08 16:00:02
,,2020-12-16,8084,negative,2022-03-08 16:00:02
,,2021-04-25,2808,negative,2022-03-08 16:00:02
,,2020-12-29,804,positive,2022-03-08 16:00:02
,,2022-02-04,235,positive,2022-03-08 16:00:02
,,2020-07-09,158,positive,2022-03-08 16:00:02
,,2021-09-14,10224,negative,2022-03-08 16:00:02
,,2020-03-18,312,negative,2022-03-08 16:00:02
,,2021-07-18,58,positive,2022-03-08 16:00:02
,,2020-09-17,4331,negative,2022-03-08 16:00:02
,,2021-11-26,3266,negative,2022-03-08 16:00:02
,,2020-05-15,274,positive,2022-03-08 16:00:02
,,2021-05-30,52,positive,2022-03-08 16:00:02
,,2021-01-27,9136,negative,2022-03-08 16:00:02
,,2020-06-16,116,positive,2022-03-08 16:00:02
,,2022-02-27,39,positive,2022-03-08 16:00:02
,,2021-10-25,9170,negative,2022-03-08 16:00:02
,,2020-10-12,197,positive,2022-03-08 16:00:02
,,2021-07-11,1666,negative,2022-03-08 16:00:02
,,2021-11-01,273,positive,2022-03-08 16:00:02
,,2020-05-22,1965,negative,2022-03-08 16:00:02
,,2021-11-19,9293,negative,2022-03-08 16:00:02
,,2020-09-24,4506,negative,2022-03-08 16:00:02
,,2021-07-25,85,positive,2022-03-08 16:00:02
,,2020-05-08,275,positive,2022-03-08 16:00:02
,,2021-05-24,7926,negative,2022-03-08 16:00:02
,,2021-01-01,201,positive,2022-03-08 16:00:02
,,2021-09-02,289,positive,2022-03-08 16:00:02
,,2020-03-30,456,positive,2022-03-08 16:00:02
,,2020-07-29,3423,negative,2022-03-08 16:00:02
,,2022-01-15,3073,negative,2022-03-08 16:00:02
,,2021-08-23,7032,negative,2022-03-08 16:00:02
,,2020-04-09,924,negative,2022-03-08 16:00:02
,,2020-08-20,125,positive,2022-03-08 16:00:02
,,2021-12-24,1599,positive,2022-03-08 16:00:02
,,2021-04-16,594,positive,2022-03-08 16:00:02
,,2020-12-06,5205,negative,2022-03-08 16:00:02
,,2020-07-22,157,positive,2022-03-08 16:00:02
,,2022-01-22,585,positive,2022-03-08 16:00:02
,,2020-03-05,9,negative,2022-03-08 16:00:02
,,2021-09-27,12119,negative,2022-03-08 16:00:02
,,2020-11-11,7982,negative,2022-03-08 16:00:02
,,2021-03-08,357,positive,2022-03-08 16:00:02
,,2021-11-16,11347,negative,2022-03-08 16:00:02
,,2021-06-26,30,positive,2022-03-08 16:00:02
,,2020-09-27,2988,negative,2022-03-08 16:00:02
,,2020-06-06,59,positive,2022-03-08 16:00:02
,,2021-02-22,6853,negative,2022-03-08 16:00:02
,,2020-10-24,268,positive,2022-03-08 16:00:02
,,2020-10-17,166,positive,2022-03-08 16:00:02
,,2021-03-01,7711,negative,2022-03-08 16:00:02
,,2021-12-02,11741,negative,2022-03-08 16:00:02
,,2021-07-12,70,positive,2022-03-08 16:00:02
,,2020-05-21,302,positive,2022-03-08 16:00:02
,,2020-09-11,3613,negative,2022-03-08 16:00:02
,,2020-11-26,6046,negative,2022-03-08 16:00:02
,,2021-03-25,662,positive,2022-03-08 16:00:02
,,2020-08-07,109,positive,2022-03-08 16:00:02
,,2021-09-11,2699,negative,2022-03-08 16:00:02
,,2022-01-06,4404,positive,2022-03-08 16:00:02
,,2020-03-21,192,negative,2022-03-08 16:00:02
,,2021-04-13,752,positive,2022-03-08 16:00:02
,,2020-12-09,8215,negative,2022-03-08 16:00:02
,,2020-09-05,70,positive,2022-03-08 16:00:02
,,2021-08-07,2192,negative,2022-03-08 16:00:02
,,2020-04-25,965,negative,2022-03-08 16:00:02
,,2021-12-08,679,positive,2022-03-08 16:00:02
,,2020-03-14,13,positive,2022-03-08 16:00:02
,,2022-01-31,10185,negative,2022-03-08 16:00:02
,,2020-07-13,2530,negative,2022-03-08 16:00:02
,,2021-09-18,189,positive,2022-03-08 16:00:02
,,2021-01-18,481,positive,2022-03-08 16:00:02
,,2021-06-08,7147,negative,2022-03-08 16:00:02
,,2020-10-10,4685,negative,2022-03-08 16:00:02
,,2021-07-09,36,positive,2022-03-08 16:00:02
,,2021-11-03,8570,negative,2022-03-08 16:00:02
,,2020-05-24,98,positive,2022-03-08 16:00:02
,,2021-11-16,359,positive,2022-03-08 16:00:02
,,2021-06-26,1702,negative,2022-03-08 16:00:02
,,2020-06-06,1332,negative,2022-03-08 16:00:02
,,2020-09-27,78,positive,2022-03-08 16:00:02
,,2022-02-11,163,positive,2022-03-08 16:00:02
,,2021-10-09,3548,negative,2022-03-08 16:00:02
,,2020-07-02,136,positive,2022-03-08 16:00:02
,,2021-01-12,8811,negative,2022-03-08 16:00:02
,,2021-05-13,248,positive,2022-03-08 16:00:02
,,2020-04-28,526,positive,2022-03-08 16:00:02
,,2021-12-11,4248,negative,2022-03-08 16:00:02
,,2020-09-02,4295,negative,2022-03-08 16:00:02
,,2021-08-04,247,positive,2022-03-08 16:00:02
,,2021-08-29,3458,negative,2022-03-08 16:00:02
,,2020-07-25,82,positive,2022-03-08 16:00:02
,,2022-01-19,1444,positive,2022-03-08 16:00:02
,,2020-04-03,1052,negative,2022-03-08 16:00:02
,,2021-05-06,11359,negative,2022-03-08 16:00:02
,,2020-12-18,812,positive,2022-03-08 16:00:02
,,2021-05-24,129,positive,2022-03-08 16:00:02
,,2021-01-01,4875,negative,2022-03-08 16:00:02
,,2021-05-31,1618,negative,2022-03-08 16:00:02
,,2021-01-26,473,positive,2022-03-08 16:00:02
,,2021-10-10,2349,negative,2022-03-08 16:00:02
,,2022-02-10,183,positive,2022-03-08 16:00:02
,,2020-07-03,96,positive,2022-03-08 16:00:02
,,2021-02-09,373,positive,2022-03-08 16:00:02
,,2021-06-18,3220,negative,2022-03-08 16:00:02
,,2020-10-28,6116,negative,2022-03-08 16:00:02
,,2021-02-18,141,positive,2022-03-08 16:00:02
,,2021-01-19,625,positive,2022-03-08 16:00:02
,,2021-06-07,6420,negative,2022-03-08 16:00:02
,,2020-03-18,72,positive,2022-03-08 16:00:02
,,2020-07-09,2914,negative,2022-03-08 16:00:02
,,2022-02-04,7126,negative,2022-03-08 16:00:02
,,2021-09-14,402,positive,2022-03-08 16:00:02
,,2020-04-10,510,positive,2022-03-08 16:00:02
,,2021-08-22,212,positive,2022-03-08 16:00:02
,,2021-12-25,2047,negative,2022-03-08 16:00:02
,,2020-08-19,4191,negative,2022-03-08 16:00:02
,,2021-04-12,845,positive,2022-03-08 16:00:02
,,2020-12-10,8310,negative,2022-03-08 16:00:02
,,2020-03-25,708,negative,2022-03-08 16:00:02
,,2020-08-03,143,positive,2022-03-08 16:00:02
,,2022-01-10,3306,positive,2022-03-08 16:00:02
,,2021-09-07,7569,negative,2022-03-08 16:00:02
,,2021-01-14,10810,negative,2022-03-08 16:00:02
,,2021-05-11,260,positive,2022-03-08 16:00:02
,,2020-05-18,273,positive,2022-03-08 16:00:02
,,2021-11-29,11889,negative,2022-03-08 16:00:02
,,2020-09-14,3644,negative,2022-03-08 16:00:02
,,2021-07-15,77,positive,2022-03-08 16:00:02
,,2020-10-13,223,positive,2022-03-08 16:00:02
,,2021-03-05,8235,negative,2022-03-08 16:00:02
,,2022-03-04,5399,negative,2022-03-08 16:00:02
,,2020-06-11,1867,negative,2022-03-08 16:00:02
,,2021-10-20,240,positive,2022-03-08 16:00:02
,,2021-11-12,9476,negative,2022-03-08 16:00:02
,,2020-10-01,4342,negative,2022-03-08 16:00:02
,,2020-06-02,112,positive,2022-03-08 16:00:02
,,2021-06-30,26,positive,2022-03-08 16:00:02
,,2020-11-07,6457,negative,2022-03-08 16:00:02
,,2021-03-12,334,positive,2022-03-08 16:00:02
,,2021-08-09,4204,negative,2022-03-08 16:00:02
,,2020-09-07,29,positive,2022-03-08 16:00:02
,,2020-04-23,1340,negative,2022-03-08 16:00:02
,,2021-12-06,664,positive,2022-03-08 16:00:02
,,2021-04-20,523,positive,2022-03-08 16:00:02
,,2020-12-02,8094,negative,2022-03-08 16:00:02
,,2021-12-25,810,positive,2022-03-08 16:00:02
,,2020-08-19,111,positive,2022-03-08 16:00:02
,,2021-08-22,3006,negative,2022-03-08 16:00:02
,,2020-04-10,995,negative,2022-03-08 16:00:02
,,2020-11-18,1191,positive,2022-03-08 16:00:02
,,2021-04-02,6732,negative,2022-03-08 16:00:02
,,2021-05-20,9186,negative,2022-03-08 16:00:02
,,2021-01-05,825,positive,2022-03-08 16:00:02
,,2021-07-26,171,positive,2022-03-08 16:00:02
,,2020-05-07,374,positive,2022-03-08 16:00:02
,,2021-11-18,10795,negative,2022-03-08 16:00:02
,,2020-09-25,4726,negative,2022-03-08 16:00:02
,,2021-02-20,4730,negative,2022-03-08 16:00:02
,,2020-10-26,460,positive,2022-03-08 16:00:02
,,2020-06-20,86,positive,2022-03-08 16:00:02
,,2022-02-23,125,positive,2022-03-08 16:00:02
,,2021-10-29,10076,negative,2022-03-08 16:00:02
,,2021-05-31,33,positive,2022-03-08 16:00:02
,,2021-01-26,8648,negative,2022-03-08 16:00:02
,,2020-08-30,87,positive,2022-03-08 16:00:02
,,2020-05-01,1419,negative,2022-03-08 16:00:02
,,2021-08-01,2188,negative,2022-03-08 16:00:02
,,2021-12-14,749,positive,2022-03-08 16:00:02
,,2021-03-30,7738,negative,2022-03-08 16:00:02
,,2020-11-21,650,positive,2022-03-08 16:00:02
,,2020-12-30,677,positive,2022-03-08 16:00:02
,,2021-04-24,4200,negative,2022-03-08 16:00:02
,,2021-08-31,313,positive,2022-03-08 16:00:02
,,2020-07-27,2663,negative,2022-03-08 16:00:02
,,2020-04-01,447,positive,2022-03-08 16:00:02
,,2022-01-17,4883,negative,2022-03-08 16:00:02
,,2020-04-20,906,negative,2022-03-08 16:00:02
,,2020-09-10,123,positive,2022-03-08 16:00:02
,,2021-12-03,541,positive,2022-03-08 16:00:02
,,2021-08-12,4433,negative,2022-03-08 16:00:02
,,2020-07-02,2526,negative,2022-03-08 16:00:02
,,2021-10-09,213,positive,2022-03-08 16:00:02
,,2022-02-11,6985,negative,2022-03-08 16:00:02
,,2021-06-21,41,positive,2022-03-08 16:00:02
,,2021-02-06,6382,negative,2022-03-08 16:00:02
,,2021-10-23,140,positive,2022-03-08 16:00:02
,,2020-06-14,1510,negative,2022-03-08 16:00:02
,,2022-03-01,6239,negative,2022-03-08 16:00:02
,,2020-06-07,56,positive,2022-03-08 16:00:02
,,2021-10-16,3134,negative,2022-03-08 16:00:02
,,2021-10-02,168,positive,2022-03-08 16:00:02
,,2022-02-18,5696,negative,2022-03-08 16:00:02
,,2020-06-25,2394,negative,2022-03-08 16:00:02
,,2021-01-15,9874,negative,2022-03-08 16:00:02
,,2021-05-10,250,positive,2022-03-08 16:00:02
,,2020-12-09,1132,positive,2022-03-08 16:00:02
,,2021-04-13,11503,negative,2022-03-08 16:00:02
,,2020-07-30,139,positive,2022-03-08 16:00:02
,,2022-01-14,1862,positive,2022-03-08 16:00:02
,,2021-09-03,4890,negative,2022-03-08 16:00:02
,,2020-03-29,623,negative,2022-03-08 16:00:02
,,2021-04-29,449,positive,2022-03-08 16:00:02
,,2020-12-25,4286,negative,2022-03-08 16:00:02
,,2021-04-06,678,positive,2022-03-08 16:00:02
,,2020-11-14,6018,negative,2022-03-08 16:00:02
,,2021-03-18,8105,negative,2022-03-08 16:00:02
,,2020-11-01,270,positive,2022-03-08 16:00:02
,,2021-10-31,137,positive,2022-03-08 16:00:02
,,2022-02-21,4353,negative,2022-03-08 16:00:02
,,2020-06-22,2215,negative,2022-03-08 16:00:02
,,2021-02-06,293,positive,2022-03-08 16:00:02
,,2021-06-21,3761,negative,2022-03-08 16:00:02
,,2021-02-23,311,positive,2022-03-08 16:00:02
,,2020-10-23,6943,negative,2022-03-08 16:00:02
,,2021-07-21,4137,negative,2022-03-08 16:00:02
,,2020-09-20,37,positive,2022-03-08 16:00:02
,,2020-05-12,1427,negative,2022-03-08 16:00:02
,,2021-11-23,306,positive,2022-03-08 16:00:02
,,2021-05-21,144,positive,2022-03-08 16:00:02
,,2021-01-04,6337,negative,2022-03-08 16:00:02
,,2020-04-17,978,negative,2022-03-08 16:00:02
,,2020-08-12,123,positive,2022-03-08 16:00:02
,,2021-08-15,2379,negative,2022-03-08 16:00:02
,,2022-01-01,1266,positive,2022-03-08 16:00:02
,,2020-11-30,1286,positive,2022-03-08 16:00:02
,,2021-04-22,9921,negative,2022-03-08 16:00:02
,,2020-05-01,332,positive,2022-03-08 16:00:02
,,2020-08-30,2833,negative,2022-03-08 16:00:02
,,2021-08-01,130,positive,2022-03-08 16:00:02
,,2021-12-14,11000,negative,2022-03-08 16:00:02
,,2021-08-08,172,positive,2022-03-08 16:00:02
,,2020-09-06,3168,negative,2022-03-08 16:00:02
,,2021-12-07,12121,negative,2022-03-08 16:00:02
,,2020-04-24,475,positive,2022-03-08 16:00:02
,,2021-03-07,3195,negative,2022-03-08 16:00:02
,,2020-11-12,1147,positive,2022-03-08 16:00:02
,,2020-09-30,183,positive,2022-03-08 16:00:02
,,2021-06-29,3481,negative,2022-03-08 16:00:02
,,2021-11-13,191,positive,2022-03-08 16:00:02
,,2020-06-03,2074,negative,2022-03-08 16:00:02
,,2021-02-15,6735,negative,2022-03-08 16:00:02
,,2021-06-12,25,positive,2022-03-08 16:00:02
,,2021-07-18,1683,negative,2022-03-08 16:00:02
,,2020-09-17,91,positive,2022-03-08 16:00:02
,,2021-11-26,346,positive,2022-03-08 16:00:02
,,2020-05-15,1891,negative,2022-03-08 16:00:02
,,2021-04-02,596,positive,2022-03-08 16:00:02
,,2020-11-18,8741,negative,2022-03-08 16:00:02
,,2021-01-11,751,positive,2022-03-08 16:00:02
,,2021-05-14,9694,negative,2022-03-08 16:00:02
,,2022-01-05,9145,negative,2022-03-08 16:00:02
,,2020-03-20,137,positive,2022-03-08 16:00:02
,,2021-09-12,229,positive,2022-03-08 16:00:02
,,2020-08-08,2595,negative,2022-03-08 16:00:02
,,2021-04-09,10750,negative,2022-03-08 16:00:02
,,2020-12-13,359,positive,2022-03-08 16:00:02
,,2020-11-29,4793,negative,2022-03-08 16:00:02
,,2021-03-22,599,positive,2022-03-08 16:00:02
,,2021-01-24,4175,negative,2022-03-08 16:00:02
,,2021-06-02,72,positive,2022-03-08 16:00:02
,,2021-10-20,12105,negative,2022-03-08 16:00:02
,,2022-03-04,51,positive,2022-03-08 16:00:02
,,2020-06-11,99,positive,2022-03-08 16:00:02
,,2021-02-25,9567,negative,2022-03-08 16:00:02
,,2020-10-21,431,positive,2022-03-08 16:00:02
,,2021-06-25,31,positive,2022-03-08 16:00:02
,,2021-02-02,3358,negative,2022-03-08 16:00:02
,,2020-07-06,2804,negative,2022-03-08 16:00:02
,,2022-02-07,8861,negative,2022-03-08 16:00:02
,,2021-10-13,335,positive,2022-03-08 16:00:02
,,2021-09-28,10143,negative,2022-03-08 16:00:02
,,2020-07-23,189,positive,2022-03-08 16:00:02
,,2022-01-21,890,positive,2022-03-08 16:00:02
,,2021-09-04,232,positive,2022-03-08 16:00:02
,,2022-01-13,10136,negative,2022-03-08 16:00:02
,,2020-03-28,201,positive,2022-03-08 16:00:02
,,2020-07-31,3535,negative,2022-03-08 16:00:02
,,2021-05-03,344,positive,2022-03-08 16:00:02
,,2020-12-21,6063,negative,2022-03-08 16:00:02
,,2020-08-01,2347,negative,2022-03-08 16:00:02
,,2022-01-12,10027,negative,2022-03-08 16:00:02
,,2020-03-27,319,positive,2022-03-08 16:00:02
,,2021-09-05,157,positive,2022-03-08 16:00:02
,,2021-12-18,689,positive,2022-03-08 16:00:02
,,2020-08-26,137,positive,2022-03-08 16:00:02
,,2020-05-05,1335,negative,2022-03-08 16:00:02
,,2021-07-28,4062,negative,2022-03-08 16:00:02
,,2022-02-08,8894,negative,2022-03-08 16:00:02
,,2020-07-05,1875,negative,2022-03-08 16:00:02
,,2021-10-12,348,positive,2022-03-08 16:00:02
,,2021-06-10,5834,negative,2022-03-08 16:00:02
,,2021-02-17,337,positive,2022-03-08 16:00:02
,,2021-02-24,8878,negative,2022-03-08 16:00:02
,,2020-10-22,441,positive,2022-03-08 16:00:02
,,2020-10-07,236,positive,2022-03-08 16:00:02
,,2021-07-06,3981,negative,2022-03-08 16:00:02
,,2020-05-27,2233,negative,2022-03-08 16:00:02
,,2021-11-06,136,positive,2022-03-08 16:00:02
,,2021-06-03,73,positive,2022-03-08 16:00:02
,,2021-01-23,6573,negative,2022-03-08 16:00:02
,,2020-07-12,94,positive,2022-03-08 16:00:02
,,2021-09-17,9848,negative,2022-03-08 16:00:02
,,2022-02-01,533,positive,2022-03-08 16:00:02
,,2020-03-15,79,negative,2022-03-08 16:00:02
,,2020-12-12,518,positive,2022-03-08 16:00:02
,,2021-04-10,5514,negative,2022-03-08 16:00:02
,,2020-08-10,3282,negative,2022-03-08 16:00:02
,,2021-08-13,338,positive,2022-03-08 16:00:02
,,2020-04-19,218,positive,2022-03-08 16:00:02
,,2022-01-03,7791,negative,2022-03-08 16:00:02
,,2021-01-12,604,positive,2022-03-08 16:00:02
,,2021-05-13,6166,negative,2022-03-08 16:00:02
,,2020-11-25,1142,positive,2022-03-08 16:00:02
,,2021-03-26,7904,negative,2022-03-08 16:00:02
,,2021-07-19,4003,negative,2022-03-08 16:00:02
,,2020-09-18,115,positive,2022-03-08 16:00:02
,,2021-11-25,74,positive,2022-03-08 16:00:02
,,2020-05-14,1931,negative,2022-03-08 16:00:02
,,2021-03-02,289,positive,2022-03-08 16:00:02
,,2020-10-16,5416,negative,2022-03-08 16:00:02
,,2020-09-29,158,positive,2022-03-08 16:00:02
,,2021-06-28,3330,negative,2022-03-08 16:00:02
,,2020-06-04,1558,negative,2022-03-08 16:00:02
,,2021-11-14,168,positive,2022-03-08 16:00:02
,,2021-03-15,496,positive,2022-03-08 16:00:02
,,2020-11-04,6051,negative,2022-03-08 16:00:02
,,2020-04-25,253,positive,2022-03-08 16:00:02
,,2020-09-05,2871,negative,2022-03-08 16:00:02
,,2021-12-08,12449,negative,2022-03-08 16:00:02
,,2021-08-07,174,positive,2022-03-08 16:00:02
,,2022-01-25,10640,negative,2022-03-08 16:00:02
,,2021-09-24,285,positive,2022-03-08 16:00:02
,,2020-07-19,2362,negative,2022-03-08 16:00:02
,,2021-04-21,8059,negative,2022-03-08 16:00:02
,,2020-12-01,1298,positive,2022-03-08 16:00:02
,,2020-08-23,2297,negative,2022-03-08 16:00:02
,,2020-04-06,583,positive,2022-03-08 16:00:02
,,2021-08-26,360,positive,2022-03-08 16:00:02
,,2021-12-21,12791,negative,2022-03-08 16:00:02
,,2021-05-22,82,positive,2022-03-08 16:00:02
,,2021-01-03,4035,negative,2022-03-08 16:00:02
,,2021-10-07,10766,negative,2022-03-08 16:00:02
,,2020-06-30,148,positive,2022-03-08 16:00:02
,,2022-02-13,69,positive,2022-03-08 16:00:02
,,2021-02-22,293,positive,2022-03-08 16:00:02
,,2020-10-24,4729,negative,2022-03-08 16:00:02
,,2021-07-04,10,positive,2022-03-08 16:00:02
,,2020-05-29,196,positive,2022-03-08 16:00:02
,,2020-10-05,4276,negative,2022-03-08 16:00:02
,,2021-11-08,10952,negative,2022-03-08 16:00:02
,,2020-06-21,1467,negative,2022-03-08 16:00:02
,,2021-10-30,119,positive,2022-03-08 16:00:02
,,2022-02-22,7766,negative,2022-03-08 16:00:02
,,2021-01-30,255,positive,2022-03-08 16:00:02
,,2021-05-27,8046,negative,2022-03-08 16:00:02
,,2020-11-15,5857,negative,2022-03-08 16:00:02
,,2021-04-05,752,positive,2022-03-08 16:00:02
,,2020-12-22,918,positive,2022-03-08 16:00:02
,,2021-05-02,3323,negative,2022-03-08 16:00:02
,,2020-03-30,617,negative,2022-03-08 16:00:02
,,2022-01-15,804,positive,2022-03-08 16:00:02
,,2020-07-29,174,positive,2022-03-08 16:00:02
,,2021-09-02,6288,negative,2022-03-08 16:00:02
,,2021-05-01,5429,negative,2022-03-08 16:00:02
,,2020-12-23,839,positive,2022-03-08 16:00:02
,,2021-05-09,139,positive,2022-03-08 16:00:02
,,2021-01-16,6795,negative,2022-03-08 16:00:02
,,2021-05-28,6873,negative,2022-03-08 16:00:02
,,2021-01-29,428,positive,2022-03-08 16:00:02
,,2020-06-08,151,positive,2022-03-08 16:00:02
,,2022-03-07,22,positive,2022-03-08 16:00:02
,,2021-10-17,2414,negative,2022-03-08 16:00:02
,,2020-05-28,174,positive,2022-03-08 16:00:02
,,2021-11-07,2224,negative,2022-03-08 16:00:02
,,2020-10-06,5107,negative,2022-03-08 16:00:02
,,2021-07-05,40,positive,2022-03-08 16:00:02
,,2021-06-20,18,positive,2022-03-08 16:00:02
,,2021-02-07,3382,negative,2022-03-08 16:00:02
,,2022-02-14,176,positive,2022-03-08 16:00:02
,,2021-10-06,10615,negative,2022-03-08 16:00:02
,,2020-06-29,152,positive,2022-03-08 16:00:02
,,2021-12-04,380,positive,2022-03-08 16:00:02
,,2020-09-09,103,positive,2022-03-08 16:00:02
,,2020-04-21,1114,negative,2022-03-08 16:00:02
,,2021-08-11,4717,negative,2022-03-08 16:00:02
,,2020-04-07,600,positive,2022-03-08 16:00:02
,,2020-08-22,3288,negative,2022-03-08 16:00:02
,,2021-08-25,380,positive,2022-03-08 16:00:02
,,2021-12-22,12192,negative,2022-03-08 16:00:02
,,2020-12-31,547,positive,2022-03-08 16:00:02
,,2021-04-23,9414,negative,2022-03-08 16:00:02
,,2021-09-25,232,positive,2022-03-08 16:00:02
,,2022-01-24,11633,negative,2022-03-08 16:00:02
,,2020-07-20,3270,negative,2022-03-08 16:00:02
,,2020-04-30,1353,negative,2022-03-08 16:00:02
,,2021-12-13,795,positive,2022-03-08 16:00:02
,,2020-08-31,234,positive,2022-03-08 16:00:02
,,2021-08-02,4478,negative,2022-03-08 16:00:02
,,2020-11-05,6663,negative,2022-03-08 16:00:02
,,2021-03-14,211,positive,2022-03-08 16:00:02
,,2021-10-28,11268,negative,2022-03-08 16:00:02
,,2020-06-19,127,positive,2022-03-08 16:00:02
,,2022-02-24,114,positive,2022-03-08 16:00:02
,,2021-03-03,343,positive,2022-03-08 16:00:02
,,2020-10-15,6372,negative,2022-03-08 16:00:02
,,2021-11-17,10949,negative,2022-03-08 16:00:02
,,2020-09-26,3425,negative,2022-03-08 16:00:02
,,2021-07-27,153,positive,2022-03-08 16:00:02
,,2020-05-06,370,positive,2022-03-08 16:00:02
,,2021-03-27,4333,negative,2022-03-08 16:00:02
,,2020-11-24,1248,positive,2022-03-08 16:00:02
,,2021-04-01,5874,negative,2022-03-08 16:00:02
,,2020-11-19,1134,positive,2022-03-08 16:00:02
,,2022-01-02,3780,negative,2022-03-08 16:00:02
,,2020-08-11,3485,negative,2022-03-08 16:00:02
,,2021-08-14,249,positive,2022-03-08 16:00:02
,,2020-04-18,259,positive,2022-03-08 16:00:02
,,2021-04-19,637,positive,2022-03-08 16:00:02
,,2020-12-03,8531,negative,2022-03-08 16:00:02
,,2022-02-02,462,positive,2022-03-08 16:00:02
,,2020-03-16,223,negative,2022-03-08 16:00:02
,,2020-07-11,115,positive,2022-03-08 16:00:02
,,2021-09-16,7019,negative,2022-03-08 16:00:02
,,2021-03-13,255,positive,2022-03-08 16:00:02
,,2020-11-06,6526,negative,2022-03-08 16:00:02
,,2021-07-07,3506,negative,2022-03-08 16:00:02
,,2020-05-26,2233,negative,2022-03-08 16:00:02
,,2020-10-08,268,positive,2022-03-08 16:00:02
,,2021-11-05,210,positive,2022-03-08 16:00:02
,,2020-06-12,2334,negative,2022-03-08 16:00:02
,,2021-10-21,211,positive,2022-03-08 16:00:02
,,2022-03-03,5079,negative,2022-03-08 16:00:02
,,2021-02-16,334,positive,2022-03-08 16:00:02
,,2021-06-11,5657,negative,2022-03-08 16:00:02
,,2020-05-19,271,positive,2022-03-08 16:00:02
,,2021-07-14,109,positive,2022-03-08 16:00:02
,,2020-09-13,2944,negative,2022-03-08 16:00:02
,,2021-11-30,11980,negative,2022-03-08 16:00:02
,,2020-08-27,154,positive,2022-03-08 16:00:02
,,2021-07-29,3372,negative,2022-03-08 16:00:02
,,2021-12-17,931,positive,2022-03-08 16:00:02
,,2020-05-04,1296,negative,2022-03-08 16:00:02
,,2020-03-26,628,negative,2022-03-08 16:00:02
,,2021-09-06,1745,negative,2022-03-08 16:00:02
,,2020-08-02,69,positive,2022-03-08 16:00:02
,,2022-01-11,3027,positive,2022-03-08 16:00:02
,,2021-05-04,347,positive,2022-03-08 16:00:02
,,2020-12-20,5800,negative,2022-03-08 16:00:02
,,2020-08-18,3655,negative,2022-03-08 16:00:02
,,2021-12-26,3377,negative,2022-03-08 16:00:02
,,2021-08-21,263,positive,2022-03-08 16:00:02
,,2020-04-11,226,positive,2022-03-08 16:00:02
,,2022-01-20,1087,positive,2022-03-08 16:00:02
,,2021-09-29,11358,negative,2022-03-08 16:00:02
,,2020-07-24,169,positive,2022-03-08 16:00:02
,,2021-06-06,1629,negative,2022-03-08 16:00:02
,,2021-01-20,489,positive,2022-03-08 16:00:02
,,2021-02-03,7269,negative,2022-03-08 16:00:02
,,2021-06-24,24,positive,2022-03-08 16:00:02
,,2021-06-19,1763,negative,2022-03-08 16:00:02
,,2021-02-08,382,positive,2022-03-08 16:00:02
,,2020-06-12,96,positive,2022-03-08 16:00:02
,,2022-03-03,59,positive,2022-03-08 16:00:02
,,2021-10-21,10874,negative,2022-03-08 16:00:02
,,2021-01-25,561,positive,2022-03-08 16:00:02
,,2021-06-01,7848,negative,2022-03-08 16:00:02
,,2020-11-28,4935,negative,2022-03-08 16:00:02
,,2021-03-23,557,positive,2022-03-08 16:00:02
,,2021-05-05,10020,negative,2022-03-08 16:00:02
,,2020-12-19,467,positive,2022-03-08 16:00:02
,,2020-08-09,2936,negative,2022-03-08 16:00:02
,,2021-09-13,418,positive,2022-03-08 16:00:02
,,2022-01-04,10289,negative,2022-03-08 16:00:02
,,2020-03-19,102,positive,2022-03-08 16:00:02
,,2021-08-03,238,positive,2022-03-08 16:00:02
,,2020-04-29,451,positive,2022-03-08 16:00:02
,,2020-09-01,4228,negative,2022-03-08 16:00:02
,,2021-12-12,2782,negative,2022-03-08 16:00:02
,,2021-04-01,660,positive,2022-03-08 16:00:02
,,2020-11-19,8808,negative,2022-03-08 16:00:02
,,2022-02-12,91,positive,2022-03-08 16:00:02
,,2020-07-01,176,positive,2022-03-08 16:00:02
,,2021-10-08,9971,negative,2022-03-08 16:00:02
,,2021-06-13,21,positive,2022-03-08 16:00:02
,,2021-02-14,2837,negative,2022-03-08 16:00:02
,,2020-10-09,5502,negative,2022-03-08 16:00:02
,,2021-11-04,10880,negative,2022-03-08 16:00:02
,,2021-07-08,45,positive,2022-03-08 16:00:02
,,2020-05-25,103,positive,2022-03-08 16:00:02
,,2021-03-06,5230,negative,2022-03-08 16:00:02
,,2020-11-13,1024,positive,2022-03-08 16:00:02
,,2020-07-14,2901,negative,2022-03-08 16:00:02
,,2020-03-13,12,positive,2022-03-08 16:00:02
,,2021-09-19,158,positive,2022-03-08 16:00:02
,,2022-01-30,1791,negative,2022-03-08 16:00:02
,,2021-08-02,233,positive,2022-03-08 16:00:02
,,2021-12-13,11275,negative,2022-03-08 16:00:02
,,2020-08-31,2573,negative,2022-03-08 16:00:02
,,2020-04-30,418,positive,2022-03-08 16:00:02
,,2020-12-08,7481,negative,2022-03-08 16:00:02
,,2021-04-14,703,positive,2022-03-08 16:00:02
,,2021-08-16,3888,negative,2022-03-08 16:00:02
,,2020-08-13,143,positive,2022-03-08 16:00:02
,,2020-04-16,944,negative,2022-03-08 16:00:02
,,2021-12-31,3043,positive,2022-03-08 16:00:02
,,2021-03-24,609,positive,2022-03-08 16:00:02
,,2020-11-27,6165,negative,2022-03-08 16:00:02
,,2021-07-20,3163,negative,2022-03-08 16:00:02
,,2020-09-19,66,positive,2022-03-08 16:00:02
,,2020-05-13,1866,negative,2022-03-08 16:00:02
,,2021-11-24,340,positive,2022-03-08 16:00:02
,,2021-02-28,3168,negative,2022-03-08 16:00:02
,,2020-10-18,176,positive,2022-03-08 16:00:02
,,2021-02-07,162,positive,2022-03-08 16:00:02
,,2021-06-20,1607,negative,2022-03-08 16:00:02
,,2021-06-27,11,positive,2022-03-08 16:00:02
,,2020-06-05,130,positive,2022-03-08 16:00:02
,,2020-09-28,3888,negative,2022-03-08 16:00:02
,,2021-11-15,10791,negative,2022-03-08 16:00:02
,,2020-10-31,291,positive,2022-03-08 16:00:02
,,2021-03-19,7934,negative,2022-03-08 16:00:02
,,2021-09-26,2593,negative,2022-03-08 16:00:02
,,2022-01-23,366,positive,2022-03-08 16:00:02
,,2020-07-21,178,positive,2022-03-08 16:00:02
,,2020-12-24,7649,negative,2022-03-08 16:00:02
,,2021-04-30,373,positive,2022-03-08 16:00:02
,,2021-12-23,2643,positive,2022-03-08 16:00:02
,,2020-04-08,1060,negative,2022-03-08 16:00:02
,,2021-08-24,7529,negative,2022-03-08 16:00:02
,,2020-08-21,85,positive,2022-03-08 16:00:02
,,2021-04-14,10408,negative,2022-03-08 16:00:02
,,2020-12-08,1163,positive,2022-03-08 16:00:02
,,2021-05-23,2315,negative,2022-03-08 16:00:02
,,2021-01-02,452,positive,2022-03-08 16:00:02
,,2022-02-17,7421,negative,2022-03-08 16:00:02
,,2021-10-03,162,positive,2022-03-08 16:00:02
,,2020-06-26,1929,negative,2022-03-08 16:00:02
,,2021-07-10,1931,negative,2022-03-08 16:00:02
,,2021-11-02,215,positive,2022-03-08 16:00:02
,,2020-05-23,1578,negative,2022-03-08 16:00:02
,,2020-10-11,99,positive,2022-03-08 16:00:02
,,2021-10-22,208,positive,2022-03-08 16:00:02
,,2020-06-13,2080,negative,2022-03-08 16:00:02
,,2022-03-02,6525,negative,2022-03-08 16:00:02
,,2021-01-28,10723,negative,2022-03-08 16:00:02
,,2021-05-29,52,positive,2022-03-08 16:00:02
,,2021-10-08,301,positive,2022-03-08 16:00:02
,,2020-07-01,2542,negative,2022-03-08 16:00:02
,,2022-02-12,2035,negative,2022-03-08 16:00:02
,,2021-09-15,10118,negative,2022-03-08 16:00:02
,,2020-03-17,323,negative,2022-03-08 16:00:02
,,2020-07-10,124,positive,2022-03-08 16:00:02
,,2022-02-03,311,positive,2022-03-08 16:00:02
,,2021-09-01,346,positive,2022-03-08 16:00:02
,,2020-03-31,479,positive,2022-03-08 16:00:02
,,2022-01-16,2400,negative,2022-03-08 16:00:02
,,2020-07-28,3356,negative,2022-03-08 16:00:02
,,2020-12-17,6828,negative,2022-03-08 16:00:02
,,2021-05-07,255,positive,2022-03-08 16:00:02
,,2020-11-20,1075,positive,2022-03-08 16:00:02
,,2021-03-31,7800,negative,2022-03-08 16:00:02
,,2021-09-24,12385,negative,2022-03-08 16:00:02
,,2020-07-19,69,positive,2022-03-08 16:00:02
,,2020-03-08,9,negative,2022-03-08 16:00:02
,,2022-01-25,871,positive,2022-03-08 16:00:02
,,2021-06-01,96,positive,2022-03-08 16:00:02
,,2021-01-25,8953,negative,2022-03-08 16:00:02
,,2020-10-14,5591,negative,2022-03-08 16:00:02
,,2021-03-04,337,positive,2022-03-08 16:00:02
,,2020-10-25,216,positive,2022-03-08 16:00:02
,,2021-02-21,3026,negative,2022-03-08 16:00:02
,,2021-09-30,332,positive,2022-03-08 16:00:02
,,2020-06-23,2584,negative,2022-03-08 16:00:02
,,2022-02-20,1240,negative,2022-03-08 16:00:02
,,2021-05-19,6934,negative,2022-03-08 16:00:02
,,2021-01-06,742,positive,2022-03-08 16:00:02
,,2021-03-26,585,positive,2022-03-08 16:00:02
,,2020-11-25,9077,negative,2022-03-08 16:00:02
,,2021-08-21,3132,negative,2022-03-08 16:00:02
,,2020-08-18,129,positive,2022-03-08 16:00:02
,,2021-12-26,1687,positive,2022-03-08 16:00:02
,,2020-04-11,637,negative,2022-03-08 16:00:02
,,2021-04-26,555,positive,2022-03-08 16:00:02
,,2020-12-28,4767,negative,2022-03-08 16:00:02
,,2020-04-22,1135,negative,2022-03-08 16:00:02
,,2021-08-10,4294,negative,2022-03-08 16:00:02
,,2021-12-05,307,positive,2022-03-08 16:00:02
,,2020-09-08,96,positive,2022-03-08 16:00:02
,,2021-03-20,4235,negative,2022-03-08 16:00:02
,,2020-10-30,536,positive,2022-03-08 16:00:02
,,2020-06-01,108,positive,2022-03-08 16:00:02
,,2021-11-11,7275,negative,2022-03-08 16:00:02
,,2020-10-02,4728,negative,2022-03-08 16:00:02
,,2021-07-01,29,positive,2022-03-08 16:00:02
,,2021-07-06,39,positive,2022-03-08 16:00:02
,,2021-11-06,3091,negative,2022-03-08 16:00:02
,,2020-10-07,5295,negative,2022-03-08 16:00:02
,,2020-05-27,220,positive,2022-03-08 16:00:02
,,2021-03-04,9486,negative,2022-03-08 16:00:02
,,2020-10-14,308,positive,2022-03-08 16:00:02
,,2020-09-23,120,positive,2022-03-08 16:00:02
,,2021-07-24,2010,negative,2022-03-08 16:00:02
,,2020-05-09,1130,negative,2022-03-08 16:00:02
,,2021-11-20,233,positive,2022-03-08 16:00:02
,,2021-05-12,216,positive,2022-03-08 16:00:02
,,2021-01-13,8723,negative,2022-03-08 16:00:02
,,2020-04-12,727,negative,2022-03-08 16:00:02
,,2021-08-20,4451,negative,2022-03-08 16:00:02
,,2021-12-27,3974,positive,2022-03-08 16:00:02
,,2020-08-17,116,positive,2022-03-08 16:00:02
,,2020-12-11,8931,negative,2022-03-08 16:00:02
,,2021-04-11,423,positive,2022-03-08 16:00:02
,,2020-12-21,936,positive,2022-03-08 16:00:02
,,2021-05-03,10131,negative,2022-03-08 16:00:02
,,2022-02-03,9405,negative,2022-03-08 16:00:02
,,2021-09-15,389,positive,2022-03-08 16:00:02
,,2020-07-10,2433,negative,2022-03-08 16:00:02
,,2020-03-17,69,positive,2022-03-08 16:00:02
,,2020-11-10,1096,positive,2022-03-08 16:00:02
,,2021-03-09,5858,negative,2022-03-08 16:00:02
,,2020-10-27,5542,negative,2022-03-08 16:00:02
,,2021-02-19,254,positive,2022-03-08 16:00:02
,,2021-06-17,35,positive,2022-03-08 16:00:02
,,2021-02-10,8482,negative,2022-03-08 16:00:02
,,2022-02-09,220,positive,2022-03-08 16:00:02
,,2021-10-11,5476,negative,2022-03-08 16:00:02
,,2020-07-04,47,positive,2022-03-08 16:00:02
,,2020-11-05,831,positive,2022-03-08 16:00:02
,,2021-03-14,2403,negative,2022-03-08 16:00:02
,,2021-01-02,4448,negative,2022-03-08 16:00:02
,,2021-05-23,84,positive,2022-03-08 16:00:02
,,2020-03-22,83,positive,2022-03-08 16:00:02
,,2022-01-07,5520,negative,2022-03-08 16:00:02
,,2021-09-10,426,positive,2022-03-08 16:00:02
,,2020-08-06,3628,negative,2022-03-08 16:00:02
,,2020-07-26,81,positive,2022-03-08 16:00:02
,,2021-08-30,9170,negative,2022-03-08 16:00:02
,,2020-04-02,817,negative,2022-03-08 16:00:02
,,2022-01-18,1482,positive,2022-03-08 16:00:02
,,2021-09-23,344,positive,2022-03-08 16:00:02
,,2020-07-18,2614,negative,2022-03-08 16:00:02
,,2022-01-26,9438,negative,2022-03-08 16:00:02
,,2021-01-11,7290,negative,2022-03-08 16:00:02
,,2021-05-14,177,positive,2022-03-08 16:00:02
,,2021-10-06,357,positive,2022-03-08 16:00:02
,,2020-06-29,2580,negative,2022-03-08 16:00:02
,,2022-02-14,8176,negative,2022-03-08 16:00:02
,,2020-09-28,144,positive,2022-03-08 16:00:02
,,2021-06-27,1509,negative,2022-03-08 16:00:02
,,2020-06-05,1979,negative,2022-03-08 16:00:02
,,2021-11-15,355,positive,2022-03-08 16:00:02
,,2021-10-19,273,positive,2022-03-08 16:00:02
,,2020-06-10,2485,negative,2022-03-08 16:00:02
,,2022-03-05,1439,negative,2022-03-08 16:00:02
,,2021-06-09,3965,negative,2022-03-08 16:00:02
,,2021-01-17,256,positive,2022-03-08 16:00:02
,,2020-11-22,527,positive,2022-03-08 16:00:02
,,2021-03-29,7492,negative,2022-03-08 16:00:02
,,2020-04-24,1255,negative,2022-03-08 16:00:02
,,2020-09-06,51,positive,2022-03-08 16:00:02
,,2021-12-07,648,positive,2022-03-08 16:00:02
,,2021-08-08,2006,negative,2022-03-08 16:00:02
,,2020-12-23,7869,negative,2022-03-08 16:00:02
,,2021-05-01,272,positive,2022-03-08 16:00:02
,,2022-01-07,3036,positive,2022-03-08 16:00:02
,,2020-08-06,141,positive,2022-03-08 16:00:02
,,2021-09-10,8735,negative,2022-03-08 16:00:02
,,2020-03-22,237,negative,2022-03-08 16:00:02
,,2020-11-17,1098,positive,2022-03-08 16:00:02
,,2021-04-03,4583,negative,2022-03-08 16:00:02
,,2020-05-20,300,positive,2022-03-08 16:00:02
,,2021-12-01,12358,negative,2022-03-08 16:00:02
,,2021-07-13,71,positive,2022-03-08 16:00:02
,,2020-09-12,3610,negative,2022-03-08 16:00:02
,,2021-06-15,4056,negative,2022-03-08 16:00:02
,,2021-02-12,297,positive,2022-03-08 16:00:02
,,2021-02-23,8221,negative,2022-03-08 16:00:02
,,2020-10-23,432,positive,2022-03-08 16:00:02
,,2020-10-05,200,positive,2022-03-08 16:00:02
,,2021-07-04,1004,negative,2022-03-08 16:00:02
,,2021-11-08,290,positive,2022-03-08 16:00:02
,,2020-05-29,2086,negative,2022-03-08 16:00:02
,,2020-11-10,6728,negative,2022-03-08 16:00:02
,,2021-03-09,332,positive,2022-03-08 16:00:02
,,2021-07-31,1905,negative,2022-03-08 16:00:02
,,2020-08-29,80,positive,2022-03-08 16:00:02
,,2020-05-02,977,negative,2022-03-08 16:00:02
,,2021-12-15,837,positive,2022-03-08 16:00:02
,,2020-12-07,6796,negative,2022-03-08 16:00:02
,,2021-04-15,720,positive,2022-03-08 16:00:02
,,2021-08-18,342,positive,2022-03-08 16:00:02
,,2020-08-15,2981,negative,2022-03-08 16:00:02
,,2020-04-14,610,positive,2022-03-08 16:00:02
,,2021-12-29,6041,negative,2022-03-08 16:00:02
,,2021-09-03,345,positive,2022-03-08 16:00:02
,,2020-07-30,3596,negative,2022-03-08 16:00:02
,,2022-01-14,9494,negative,2022-03-08 16:00:02
,,2020-03-29,216,positive,2022-03-08 16:00:02
,,2021-03-23,8707,negative,2022-03-08 16:00:02
,,2020-11-28,647,positive,2022-03-08 16:00:02
,,2021-11-20,3357,negative,2022-03-08 16:00:02
,,2021-07-24,82,positive,2022-03-08 16:00:02
,,2020-05-09,119,positive,2022-03-08 16:00:02
,,2020-09-23,4490,negative,2022-03-08 16:00:02
,,2021-06-22,30,positive,2022-03-08 16:00:02
,,2021-02-05,9765,negative,2022-03-08 16:00:02
,,2021-10-24,2465,negative,2022-03-08 16:00:02
,,2022-02-28,126,positive,2022-03-08 16:00:02
,,2020-06-15,117,positive,2022-03-08 16:00:02
,,2021-03-17,530,positive,2022-03-08 16:00:02
,,2020-11-02,5362,negative,2022-03-08 16:00:02
,,2021-11-25,1634,negative,2022-03-08 16:00:02
,,2021-07-19,101,positive,2022-03-08 16:00:02
,,2020-09-18,4372,negative,2022-03-08 16:00:02
,,2020-05-14,253,positive,2022-03-08 16:00:02
,,2021-09-29,357,positive,2022-03-08 16:00:02
,,2020-07-24,3844,negative,2022-03-08 16:00:02
,,2022-01-20,9031,negative,2022-03-08 16:00:02
,,2021-04-26,10179,negative,2022-03-08 16:00:02
,,2020-12-28,868,positive,2022-03-08 16:00:02
,,2020-12-14,6780,negative,2022-03-08 16:00:02
,,2021-04-08,684,positive,2022-03-08 16:00:02
,,2021-01-10,303,positive,2022-03-08 16:00:02
,,2021-05-15,3627,negative,2022-03-08 16:00:02
,,2022-02-15,170,positive,2022-03-08 16:00:02
,,2020-06-28,70,positive,2022-03-08 16:00:02
,,2021-10-05,10519,negative,2022-03-08 16:00:02
,,2021-01-23,283,positive,2022-03-08 16:00:02
,,2021-06-03,6951,negative,2022-03-08 16:00:02
,,2021-06-11,34,positive,2022-03-08 16:00:02
,,2021-02-16,6917,negative,2022-03-08 16:00:02
,,2021-06-22,3285,negative,2022-03-08 16:00:02
,,2021-02-05,451,positive,2022-03-08 16:00:02
,,2020-07-07,189,positive,2022-03-08 16:00:02
,,2022-02-06,146,positive,2022-03-08 16:00:02
,,2021-10-14,10068,negative,2022-03-08 16:00:02
,,2020-04-27,520,positive,2022-03-08 16:00:02
,,2021-08-05,268,positive,2022-03-08 16:00:02
,,2021-12-10,10984,negative,2022-03-08 16:00:02
,,2020-09-03,3817,negative,2022-03-08 16:00:02
,,2021-05-20,163,positive,2022-03-08 16:00:02
,,2021-01-05,7491,negative,2022-03-08 16:00:02
,,2020-03-27,771,negative,2022-03-08 16:00:02
,,2022-01-12,2658,positive,2022-03-08 16:00:02
,,2021-09-05,2609,negative,2022-03-08 16:00:02
,,2020-08-01,64,positive,2022-03-08 16:00:02
,,2022-01-02,2227,positive,2022-03-08 16:00:02
,,2021-08-14,3149,negative,2022-03-08 16:00:02
,,2020-04-18,574,negative,2022-03-08 16:00:02
,,2020-08-11,160,positive,2022-03-08 16:00:02
,,2021-07-31,160,positive,2022-03-08 16:00:02
,,2021-12-15,11362,negative,2022-03-08 16:00:02
,,2020-05-02,224,positive,2022-03-08 16:00:02
,,2020-08-29,2991,negative,2022-03-08 16:00:02
,,2021-05-26,5722,negative,2022-03-08 16:00:02
,,2021-01-31,214,positive,2022-03-08 16:00:02
,,2020-06-17,3088,negative,2022-03-08 16:00:02
,,2022-02-26,1307,negative,2022-03-08 16:00:02
,,2021-10-26,239,positive,2022-03-08 16:00:02
,,2020-06-02,1781,negative,2022-03-08 16:00:02
,,2020-10-01,188,positive,2022-03-08 16:00:02
,,2021-06-30,3333,negative,2022-03-08 16:00:02
,,2021-11-12,329,positive,2022-03-08 16:00:02
,,2021-02-25,290,positive,2022-03-08 16:00:02
,,2020-10-21,5906,negative,2022-03-08 16:00:02
,,2021-10-03,2676,negative,2022-03-08 16:00:02
,,2022-02-17,115,positive,2022-03-08 16:00:02
,,2020-06-26,126,positive,2022-03-08 16:00:02
,,2021-04-03,473,positive,2022-03-08 16:00:02
,,2020-11-17,8182,negative,2022-03-08 16:00:02
,,2020-08-24,2801,negative,2022-03-08 16:00:02
,,2021-12-20,12263,negative,2022-03-08 16:00:02
,,2020-04-05,253,positive,2022-03-08 16:00:02
,,2021-08-27,361,positive,2022-03-08 16:00:02
,,2021-04-17,5365,negative,2022-03-08 16:00:02
,,2020-12-05,688,positive,2022-03-08 16:00:02
,,2021-04-12,10826,negative,2022-03-08 16:00:02
,,2020-12-10,1153,positive,2022-03-08 16:00:02
,,2021-12-04,3617,negative,2022-03-08 16:00:02
,,2020-04-21,414,positive,2022-03-08 16:00:02
,,2021-08-11,334,positive,2022-03-08 16:00:02
,,2020-09-09,3653,negative,2022-03-08 16:00:02
,,2021-03-19,542,positive,2022-03-08 16:00:02
,,2020-10-31,5190,negative,2022-03-08 16:00:02
,,2020-06-10,113,positive,2022-03-08 16:00:02
,,2022-03-05,30,positive,2022-03-08 16:00:02
,,2021-10-19,13781,negative,2022-03-08 16:00:02
,,2021-02-26,315,positive,2022-03-08 16:00:02
,,2020-10-20,5089,negative,2022-03-08 16:00:02
,,2020-05-17,1319,negative,2022-03-08 16:00:02
,,2021-07-16,3015,negative,2022-03-08 16:00:02
,,2021-11-28,237,positive,2022-03-08 16:00:02
,,2020-09-15,98,positive,2022-03-08 16:00:02
,,2021-10-10,167,positive,2022-03-08 16:00:02
,,2022-02-10,7963,negative,2022-03-08 16:00:02
,,2020-07-03,2736,negative,2022-03-08 16:00:02
,,2021-05-09,3038,negative,2022-03-08 16:00:02
,,2021-01-16,338,positive,2022-03-08 16:00:02
,,2021-08-16,372,positive,2022-03-08 16:00:02
,,2020-08-13,3764,negative,2022-03-08 16:00:02
,,2020-04-16,529,positive,2022-03-08 16:00:02
,,2021-12-31,3776,negative,2022-03-08 16:00:02
,,2021-08-27,6642,negative,2022-03-08 16:00:02
,,2020-04-05,766,negative,2022-03-08 16:00:02
,,2021-12-20,1749,positive,2022-03-08 16:00:02
,,2020-08-24,145,positive,2022-03-08 16:00:02
,,2020-03-11,45,negative,2022-03-08 16:00:02
,,2020-07-16,154,positive,2022-03-08 16:00:02
,,2022-01-28,498,positive,2022-03-08 16:00:02
,,2021-09-21,10403,negative,2022-03-08 16:00:02
,,2021-06-04,66,positive,2022-03-08 16:00:02
,,2021-01-22,9295,negative,2022-03-08 16:00:02
,,2020-09-20,2785,negative,2022-03-08 16:00:02
,,2021-11-23,11128,negative,2022-03-08 16:00:02
,,2020-05-12,282,positive,2022-03-08 16:00:02
,,2021-07-21,124,positive,2022-03-08 16:00:02
,,2020-06-21,79,positive,2022-03-08 16:00:02
,,2022-02-22,150,positive,2022-03-08 16:00:02
,,2021-10-30,3348,negative,2022-03-08 16:00:02
,,2021-02-14,124,positive,2022-03-08 16:00:02
,,2021-06-13,1549,negative,2022-03-08 16:00:02
,,2021-05-26,115,positive,2022-03-08 16:00:02
,,2021-01-31,3646,negative,2022-03-08 16:00:02
,,2021-01-08,700,positive,2022-03-08 16:00:02
,,2021-05-17,8430,negative,2022-03-08 16:00:02
,,2020-07-13,170,positive,2022-03-08 16:00:02
,,2021-09-18,3390,negative,2022-03-08 16:00:02
,,2020-03-14,109,negative,2022-03-08 16:00:02
,,2022-01-31,737,positive,2022-03-08 16:00:02
,,2021-04-29,9536,negative,2022-03-08 16:00:02
,,2020-12-25,166,positive,2022-03-08 16:00:02
,,2020-12-01,7398,negative,2022-03-08 16:00:02
,,2021-04-21,582,positive,2022-03-08 16:00:02
,,2021-05-12,9040,negative,2022-03-08 16:00:02
,,2021-01-13,607,positive,2022-03-08 16:00:02
,,2022-02-06,1648,negative,2022-03-08 16:00:02
,,2021-10-14,319,positive,2022-03-08 16:00:02
,,2020-07-07,2854,negative,2022-03-08 16:00:02
,,2020-05-30,75,positive,2022-03-08 16:00:02
,,2021-07-03,32,positive,2022-03-08 16:00:02
,,2021-11-09,11116,negative,2022-03-08 16:00:02
,,2020-10-04,3032,negative,2022-03-08 16:00:02
,,2020-10-17,4995,negative,2022-03-08 16:00:02
,,2021-03-01,339,positive,2022-03-08 16:00:02
,,2020-06-14,51,positive,2022-03-08 16:00:02
,,2022-03-01,73,positive,2022-03-08 16:00:02
,,2021-10-23,3058,negative,2022-03-08 16:00:02
,,2021-01-20,7068,negative,2022-03-08 16:00:02
,,2021-06-06,36,positive,2022-03-08 16:00:02
,,2021-08-10,336,positive,2022-03-08 16:00:02
,,2020-09-08,2783,negative,2022-03-08 16:00:02
,,2021-12-05,2638,negative,2022-03-08 16:00:02
,,2020-04-22,509,positive,2022-03-08 16:00:02
,,2020-12-14,1010,positive,2022-03-08 16:00:02
,,2021-04-08,12260,negative,2022-03-08 16:00:02
,,2022-01-09,3368,negative,2022-03-08 16:00:02
,,2021-09-08,349,positive,2022-03-08 16:00:02
,,2020-03-24,178,positive,2022-03-08 16:00:02
,,2020-08-04,3496,negative,2022-03-08 16:00:02
,,2021-12-24,3807,negative,2022-03-08 16:00:02
,,2020-04-09,436,positive,2022-03-08 16:00:02
,,2021-08-23,395,positive,2022-03-08 16:00:02
,,2020-08-20,3574,negative,2022-03-08 16:00:02
,,2021-03-30,644,positive,2022-03-08 16:00:02
,,2020-11-21,7809,negative,2022-03-08 16:00:02
,,2021-07-14,3539,negative,2022-03-08 16:00:02
,,2020-05-19,1820,negative,2022-03-08 16:00:02
,,2020-09-13,36,positive,2022-03-08 16:00:02
,,2021-11-30,589,positive,2022-03-08 16:00:02
,,2021-02-21,206,positive,2022-03-08 16:00:02
,,2020-10-25,4125,negative,2022-03-08 16:00:02
,,2020-10-04,108,positive,2022-03-08 16:00:02
,,2020-05-30,1653,negative,2022-03-08 16:00:02
,,2021-07-03,1571,negative,2022-03-08 16:00:02
,,2021-11-09,341,positive,2022-03-08 16:00:02
,,2020-11-08,472,positive,2022-03-08 16:00:02
,,2021-03-11,6434,negative,2022-03-08 16:00:02
,,2021-05-30,1782,negative,2022-03-08 16:00:02
,,2021-01-27,490,positive,2022-03-08 16:00:02
,,2021-12-18,4085,negative,2022-03-08 16:00:02
,,2021-07-28,196,positive,2022-03-08 16:00:02
,,2020-05-05,419,positive,2022-03-08 16:00:02
,,2020-08-26,4113,negative,2022-03-08 16:00:02
,,2020-12-03,1309,positive,2022-03-08 16:00:02
,,2021-04-19,10534,negative,2022-03-08 16:00:02
,,2022-01-16,649,positive,2022-03-08 16:00:02
,,2020-03-31,863,negative,2022-03-08 16:00:02
,,2021-09-01,7822,negative,2022-03-08 16:00:02
,,2020-07-28,132,positive,2022-03-08 16:00:02
,,2021-01-08,8678,negative,2022-03-08 16:00:02
,,2021-05-17,193,positive,2022-03-08 16:00:02
,,2021-11-22,479,positive,2022-03-08 16:00:02
,,2020-05-11,1321,negative,2022-03-08 16:00:02
,,2021-07-22,3440,negative,2022-03-08 16:00:02
,,2020-09-21,103,positive,2022-03-08 16:00:02
,,2021-03-12,6031,negative,2022-03-08 16:00:02
,,2020-11-07,494,positive,2022-03-08 16:00:02
,,2021-02-02,290,positive,2022-03-08 16:00:02
,,2021-06-25,3092,negative,2022-03-08 16:00:02
,,2021-10-28,220,positive,2022-03-08 16:00:02
,,2022-02-24,7040,negative,2022-03-08 16:00:02
,,2020-06-19,2585,negative,2022-03-08 16:00:02
,,2020-09-12,61,positive,2022-03-08 16:00:02
,,2021-07-13,3574,negative,2022-03-08 16:00:02
,,2020-05-20,1998,negative,2022-03-08 16:00:02
,,2021-12-01,566,positive,2022-03-08 16:00:02
,,2021-09-21,347,positive,2022-03-08 16:00:02
,,2020-03-11,6,positive,2022-03-08 16:00:02
,,2022-01-28,8060,negative,2022-03-08 16:00:02
,,2020-07-16,3609,negative,2022-03-08 16:00:02
,,2020-12-26,4348,negative,2022-03-08 16:00:02
,,2021-04-28,471,positive,2022-03-08 16:00:02
,,2022-01-10,10891,negative,2022-03-08 16:00:02
,,2020-08-03,3105,negative,2022-03-08 16:00:02
,,2021-09-07,357,positive,2022-03-08 16:00:02
,,2020-03-25,224,positive,2022-03-08 16:00:02
,,2021-09-12,2961,negative,2022-03-08 16:00:02
,,2022-01-05,5319,positive,2022-03-08 16:00:02
,,2020-08-08,84,positive,2022-03-08 16:00:02
,,2020-03-20,162,negative,2022-03-08 16:00:02
,,2021-09-26,171,positive,2022-03-08 16:00:02
,,2020-07-21,2913,negative,2022-03-08 16:00:02
,,2022-01-23,1967,negative,2022-03-08 16:00:02
,,2021-06-09,44,positive,2022-03-08 16:00:02
,,2021-01-17,5137,negative,2022-03-08 16:00:02
,,2021-02-26,7866,negative,2022-03-08 16:00:02
,,2020-10-20,382,positive,2022-03-08 16:00:02
,,2020-06-18,144,positive,2022-03-08 16:00:02
,,2022-02-25,67,positive,2022-03-08 16:00:02
,,2021-10-27,11474,negative,2022-03-08 16:00:02
,,2021-02-09,7813,negative,2022-03-08 16:00:02
,,2021-06-18,30,positive,2022-03-08 16:00:02
,,2021-03-07,188,positive,2022-03-08 16:00:02
,,2020-11-12,8425,negative,2022-03-08 16:00:02
,,2020-11-27,925,positive,2022-03-08 16:00:02
,,2021-03-24,7366,negative,2022-03-08 16:00:02
,,2020-04-02,366,positive,2022-03-08 16:00:02
,,2021-08-30,381,positive,2022-03-08 16:00:02
,,2022-01-18,10374,negative,2022-03-08 16:00:02
,,2020-07-26,2616,negative,2022-03-08 16:00:02
,,2020-12-26,408,positive,2022-03-08 16:00:02
,,2021-04-28,8321,negative,2022-03-08 16:00:02
,,2020-12-04,8518,negative,2022-03-08 16:00:02
,,2021-04-18,388,positive,2022-03-08 16:00:02
,,2021-12-11,359,positive,2022-03-08 16:00:02
,,2020-04-28,1318,negative,2022-03-08 16:00:02
,,2020-09-02,125,positive,2022-03-08 16:00:02
,,2021-08-04,4769,negative,2022-03-08 16:00:02
,,2021-01-30,6375,negative,2022-03-08 16:00:02
,,2021-05-27,108,positive,2022-03-08 16:00:02
,,2020-10-09,219,positive,2022-03-08 16:00:02
,,2020-05-25,1454,negative,2022-03-08 16:00:02
,,2021-07-08,3261,negative,2022-03-08 16:00:02
,,2021-11-04,268,positive,2022-03-08 16:00:02
,,2020-10-27,409,positive,2022-03-08 16:00:02
,,2021-02-19,5511,negative,2022-03-08 16:00:02
,,2020-05-11,288,positive,2022-03-08 16:00:02
,,2021-11-22,12218,negative,2022-03-08 16:00:02
,,2021-07-22,113,positive,2022-03-08 16:00:02
,,2020-09-21,3793,negative,2022-03-08 16:00:02
,,2021-07-17,44,positive,2022-03-08 16:00:02
,,2021-11-27,2577,negative,2022-03-08 16:00:02
,,2020-05-16,106,positive,2022-03-08 16:00:02
,,2020-09-16,4417,negative,2022-03-08 16:00:02
,,2020-11-14,639,positive,2022-03-08 16:00:02
,,2021-04-06,11399,negative,2022-03-08 16:00:02
,,2021-12-21,2143,positive,2022-03-08 16:00:02
,,2021-08-26,7450,negative,2022-03-08 16:00:02
,,2020-04-06,1112,negative,2022-03-08 16:00:02
,,2020-08-23,42,positive,2022-03-08 16:00:02
,,2020-12-19,6499,negative,2022-03-08 16:00:02
,,2021-05-05,265,positive,2022-03-08 16:00:02
,,2020-04-27,1156,negative,2022-03-08 16:00:02
,,2020-09-03,118,positive,2022-03-08 16:00:02
,,2021-12-10,542,positive,2022-03-08 16:00:02
,,2021-08-05,3941,negative,2022-03-08 16:00:02
,,2021-03-11,374,positive,2022-03-08 16:00:02
,,2020-11-08,4605,negative,2022-03-08 16:00:02
,,2021-01-21,514,positive,2022-03-08 16:00:02
,,2021-06-05,1868,negative,2022-03-08 16:00:02
,,2020-06-07,1409,negative,2022-03-08 16:00:02
,,2021-10-16,174,positive,2022-03-08 16:00:02
,,2022-03-08,64,negative,2022-03-08 16:00:02
,,2020-10-16,292,positive,2022-03-08 16:00:02
,,2021-03-02,8603,negative,2022-03-08 16:00:02
,,2020-10-30,6106,negative,2022-03-08 16:00:02
,,2021-03-20,340,positive,2022-03-08 16:00:02
,,2021-05-15,106,positive,2022-03-08 16:00:02
,,2021-01-10,4481,negative,2022-03-08 16:00:02
,,2020-08-04,86,positive,2022-03-08 16:00:02
,,2022-01-09,1471,positive,2022-03-08 16:00:02
,,2021-09-08,10013,negative,2022-03-08 16:00:02
,,2020-03-24,620,negative,2022-03-08 16:00:02
,,2020-12-06,523,positive,2022-03-08 16:00:02
,,2021-04-16,11085,negative,2022-03-08 16:00:02
,,2020-12-30,7178,negative,2022-03-08 16:00:02
,,2021-04-24,322,positive,2022-03-08 16:00:02
,,2021-09-17,313,positive,2022-03-08 16:00:02
,,2020-07-12,1597,negative,2022-03-08 16:00:02
,,2020-03-15,15,positive,2022-03-08 16:00:02
,,2022-02-01,6128,negative,2022-03-08 16:00:02
,,2021-09-30,10723,negative,2022-03-08 16:00:02
,,2020-06-23,171,positive,2022-03-08 16:00:02
,,2022-02-20,53,positive,2022-03-08 16:00:02
,,2021-10-24,114,positive,2022-03-08 16:00:02
,,2022-02-28,7161,negative,2022-03-08 16:00:02
,,2020-06-15,2275,negative,2022-03-08 16:00:02
,,2021-02-13,4489,negative,2022-03-08 16:00:02
,,2021-06-14,38,positive,2022-03-08 16:00:02
,,2020-06-16,2528,negative,2022-03-08 16:00:02
,,2021-10-25,230,positive,2022-03-08 16:00:02
,,2022-02-27,1382,negative,2022-03-08 16:00:02
,,2021-11-18,340,positive,2022-03-08 16:00:02
,,2020-05-07,1723,negative,2022-03-08 16:00:02
,,2021-07-26,3983,negative,2022-03-08 16:00:02
,,2020-09-25,114,positive,2022-03-08 16:00:02
,,2020-03-16,35,positive,2022-03-08 16:00:02
,,2021-09-16,339,positive,2022-03-08 16:00:02
,,2020-07-11,1858,negative,2022-03-08 16:00:02
,,2022-02-02,8997,negative,2022-03-08 16:00:02
,,2021-05-07,10528,negative,2022-03-08 16:00:02
,,2020-12-17,599,positive,2022-03-08 16:00:02
,,2020-12-07,1244,positive,2022-03-08 16:00:02
,,2021-04-15,12139,negative,2022-03-08 16:00:02
,,2021-08-17,4211,negative,2022-03-08 16:00:02
,,2020-08-14,132,positive,2022-03-08 16:00:02
,,2021-12-30,5107,positive,2022-03-08 16:00:02
,,2020-04-15,1059,negative,2022-03-08 16:00:02
,,2021-01-09,6647,negative,2022-03-08 16:00:02
,,2021-05-16,116,positive,2022-03-08 16:00:02
,,2022-02-07,309,positive,2022-03-08 16:00:02
,,2021-10-13,11653,negative,2022-03-08 16:00:02
,,2020-07-06,141,positive,2022-03-08 16:00:02
,,2021-03-03,9150,negative,2022-03-08 16:00:02
,,2020-10-15,252,positive,2022-03-08 16:00:02
,,2020-05-23,117,positive,2022-03-08 16:00:02
,,2021-11-02,6270,negative,2022-03-08 16:00:02
,,2021-07-10,44,positive,2022-03-08 16:00:02
,,2020-10-11,4761,negative,2022-03-08 16:00:02
,,2021-01-22,460,positive,2022-03-08 16:00:02
,,2021-06-04,6308,negative,2022-03-08 16:00:02
,,2021-03-16,7912,negative,2022-03-08 16:00:02
,,2020-11-03,623,positive,2022-03-08 16:00:02
,,2021-12-09,637,positive,2022-03-08 16:00:02
,,2020-09-04,93,positive,2022-03-08 16:00:02
,,2021-08-06,3676,negative,2022-03-08 16:00:02
,,2020-04-26,611,negative,2022-03-08 16:00:02
,,2021-04-09,655,positive,2022-03-08 16:00:02
,,2020-12-13,5831,negative,2022-03-08 16:00:02
,,2021-12-22,2690,positive,2022-03-08 16:00:02
,,2021-08-25,7254,negative,2022-03-08 16:00:02
,,2020-08-22,70,positive,2022-03-08 16:00:02
,,2020-04-07,808,negative,2022-03-08 16:00:02
,,2020-11-22,7462,negative,2022-03-08 16:00:02
,,2021-03-29,720,positive,2022-03-08 16:00:02
,,2020-09-15,3903,negative,2022-03-08 16:00:02
,,2021-07-16,70,positive,2022-03-08 16:00:02
,,2020-05-17,102,positive,2022-03-08 16:00:02
,,2021-11-28,2369,negative,2022-03-08 16:00:02
,,2022-02-16,6293,negative,2022-03-08 16:00:02
,,2020-06-27,1999,negative,2022-03-08 16:00:02
,,2021-10-04,351,positive,2022-03-08 16:00:02
,,2021-02-18,6466,negative,2022-03-08 16:00:02
,,2020-10-28,501,positive,2022-03-08 16:00:02
,,2021-11-13,3368,negative,2022-03-08 16:00:02
,,2021-06-29,32,positive,2022-03-08 16:00:02
,,2020-09-30,4595,negative,2022-03-08 16:00:02
,,2020-06-03,145,positive,2022-03-08 16:00:02
,,2021-01-29,9012,negative,2022-03-08 16:00:02
,,2021-05-28,90,positive,2022-03-08 16:00:02
,,2022-01-26,754,positive,2022-03-08 16:00:02
,,2020-07-18,97,positive,2022-03-08 16:00:02
,,2021-09-23,10531,negative,2022-03-08 16:00:02
,,2020-12-05,6437,negative,2022-03-08 16:00:02
,,2021-04-17,425,positive,2022-03-08 16:00:02
,,2020-08-16,2540,negative,2022-03-08 16:00:02
,,2021-12-28,5897,negative,2022-03-08 16:00:02
,,2020-04-13,453,positive,2022-03-08 16:00:02
,,2021-08-19,364,positive,2022-03-08 16:00:02
,,2022-01-19,11324,negative,2022-03-08 16:00:02
,,2021-08-29,214,positive,2022-03-08 16:00:02
,,2020-04-03,524,positive,2022-03-08 16:00:02
,,2020-07-25,2880,negative,2022-03-08 16:00:02
,,2021-01-04,885,positive,2022-03-08 16:00:02
,,2021-05-21,8384,negative,2022-03-08 16:00:02
,,2020-11-13,8900,negative,2022-03-08 16:00:02
,,2021-03-06,224,positive,2022-03-08 16:00:02
,,2021-02-10,358,positive,2022-03-08 16:00:02
,,2021-06-17,3194,negative,2022-03-08 16:00:02
